{
  "slides": [
    {
      "time": 0,
      "url": "https://perso.telecom-paris.fr/dufourd/cours/git/"
    },
    {
      "time": 2,
      "url": "https://perso.telecom-paris.fr/dufourd/cours/inf203/js.html#/functions"
    },
    {
      "time": 4,
      "url": "https://perso.telecom-paris.fr/dufourd/cours/git/slr201.htm#/git"
    },
    {
      "time": 6,
      "url": "https://perso.telecom-paris.fr/dufourd/cours/inf203/svg.html#/svg-arcs"
    },
    {
      "time": 8,
      "url": "https://inf103.telecom-paris.fr/inf103/JavaClassesObjets.html#slide20"
    },
    {
      "time": 10,
      "url": ""
    }
  ]
}